,,qini,qini,uplift@0.2,uplift@0.2,cal_error,cal_error,cal_slope,cal_slope,rmse,rmse,rmse_log,rmse_log,mae,mae,spearman,spearman,pearson,pearson
,,mean,std,mean,std,mean,std,mean,std,mean,std,mean,std,mean,std,mean,std,mean,std
dataset,learner,,,,,,,,,,,,,,,,,,
cattaneo,drq_direct,0.7256,0.9092,1.8339,1.6028,4.836,1.4866,0.3301,0.21,,,,,,,,,,
cattaneo,drq_direct_cal,0.7256,0.9092,1.8339,1.6028,3.3677,1.2734,0.239,0.1543,,,,,,,,,,
cattaneo,drq_log,1.04,1.1535,1.9926,1.394,3.9951,1.1825,0.2301,0.1388,,,,,,,,,,
cattaneo,drq_log_cal,1.04,1.1535,1.9926,1.394,7.7591,4.1975,0.1707,0.103,,,,,,,,,,
cattaneo,drs_direct,0.8663,0.8066,1.9198,1.1295,2.8705,0.7794,0.415,0.3291,,,,,,,,,,
cattaneo,drs_direct_cal,0.8663,0.8066,1.9198,1.1295,4.6535,2.2208,0.2279,0.1743,,,,,,,,,,
cattaneo,drs_log,1.3133,1.0769,2.6064,1.6254,2.9912,0.7087,0.3039,0.1682,,,,,,,,,,
cattaneo,drs_log_cal,1.3133,1.0769,2.6064,1.6254,7.4539,3.406,0.1964,0.1094,,,,,,,,,,
cattaneo,drt_direct,0.9224,0.9911,1.9355,1.4416,7.5981,2.8057,0.2418,0.256,,,,,,,,,,
cattaneo,drt_direct_cal,0.9224,0.9911,1.9355,1.4416,6.6337,3.1518,0.1235,0.1364,,,,,,,,,,
cattaneo,drt_log,1.1261,0.9928,2.1512,1.3632,5.7565,1.5831,0.168,0.1197,,,,,,,,,,
cattaneo,drt_log_cal,1.1261,0.9928,2.1512,1.3632,11.3481,5.246,0.1316,0.0941,,,,,,,,,,
cattaneo,q,0.6369,1.0693,1.8652,1.6463,3.8209,1.2045,0.1681,0.1584,,,,,,,,,,
cattaneo,q_cal,0.6369,1.0693,1.8652,1.6463,4.5193,1.7422,0.2291,0.7271,,,,,,,,,,
cattaneo,s,1.1242,0.962,2.5599,2.0162,2.1562,0.4203,0.4313,0.3565,,,,,,,,,,
cattaneo,s_cal,1.1242,0.962,2.5599,2.0162,3.7265,1.3526,0.2513,0.2154,,,,,,,,,,
cattaneo,t,1.0983,0.9753,1.9736,0.9985,6.2932,1.605,0.148,0.1008,,,,,,,,,,
cattaneo,t_cal,1.0983,0.9753,1.9736,0.9985,20.1004,8.4873,0.105,0.0716,,,,,,,,,,
cattaneo,x,1.1134,1.1455,2.0178,1.6049,4.7465,1.4161,0.1879,0.1368,,,,,,,,,,
cattaneo,x_cal,1.1134,1.1455,2.0178,1.6049,11.0646,4.0749,0.13,0.0938,,,,,,,,,,
criteo,drq_direct,0.5082,0.0927,1.5608,0.1163,1.8477,0.0817,0.8066,0.1488,,,,,,,,,,
criteo,drq_direct_cal,0.5082,0.0927,1.5608,0.1163,1.1421,0.0529,0.7409,0.1389,,,,,,,,,,
criteo,drq_log,0.1933,0.0446,1.1673,0.0679,1.2728,0.0459,0.3074,0.1028,,,,,,,,,,
criteo,drq_log_cal,0.1933,0.0446,1.1673,0.0679,1.1574,0.0343,0.3735,0.121,,,,,,,,,,
criteo,drq_simple_direct,0.4613,0.0865,1.4961,0.1231,1.9825,0.1177,0.6913,0.134,,,,,,,,,,
criteo,drq_simple_direct_cal,0.4613,0.0865,1.4961,0.1231,1.2507,0.091,0.6498,0.1755,,,,,,,,,,
criteo,drq_simple_log,0.4488,0.0827,1.5418,0.1264,1.1842,0.0435,0.5085,0.0842,,,,,,,,,,
criteo,drq_simple_log_cal,0.4488,0.0827,1.5418,0.1264,1.3605,0.0757,0.3335,0.09,,,,,,,,,,
criteo,drs_direct,0.3427,0.0705,1.4433,0.0943,1.6807,0.0546,0.6986,0.1262,,,,,,,,,,
criteo,drs_direct_cal,0.3427,0.0705,1.4433,0.0943,1.101,0.0273,0.8094,0.1505,,,,,,,,,,
criteo,drs_log,0.1025,0.0236,1.0861,0.0351,1.1976,0.0344,0.2523,0.1279,,,,,,,,,,
criteo,drs_log_cal,0.1025,0.0236,1.0861,0.0351,1.1783,0.0422,0.3128,0.1585,,,,,,,,,,
criteo,drt_direct,0.3313,0.0815,1.443,0.1113,1.8817,0.0733,0.4938,0.095,,,,,,,,,,
criteo,drt_direct_cal,0.3313,0.0815,1.443,0.1113,1.1154,0.0512,0.7581,0.189,,,,,,,,,,
criteo,drt_log,0.1573,0.0349,1.1556,0.0547,1.2768,0.0524,0.2816,0.1039,,,,,,,,,,
criteo,drt_log_cal,0.1573,0.0349,1.1556,0.0547,1.2369,0.0655,0.3467,0.1293,,,,,,,,,,
criteo,q,0.454,0.0909,1.5386,0.1423,1.1306,0.0346,0.7209,0.1396,,,,,,,,,,
criteo,q_cal,0.454,0.0909,1.5386,0.1423,1.2034,0.0916,0.6402,0.194,,,,,,,,,,
criteo,q_simple,0.4273,0.0718,1.5116,0.1172,1.153,0.0504,0.614,0.1079,,,,,,,,,,
criteo,q_simple_cal,0.4273,0.0718,1.5116,0.1172,1.4091,0.1643,0.3564,0.167,,,,,,,,,,
criteo,s,0.3336,0.0688,1.5063,0.1062,1.1179,0.0349,1.0392,0.23,,,,,,,,,,
criteo,s_cal,0.3336,0.0688,1.5063,0.1062,1.1575,0.0634,0.4842,0.1632,,,,,,,,,,
criteo,t,0.2631,0.0712,1.3843,0.0978,1.2116,0.0549,0.4101,0.0876,,,,,,,,,,
criteo,t_cal,0.2631,0.0712,1.3843,0.0978,1.2812,0.0665,0.3299,0.072,,,,,,,,,,
criteo,x,0.3515,0.083,1.5456,0.1042,1.1501,0.0408,0.7362,0.1659,,,,,,,,,,
criteo,x_cal,0.3515,0.083,1.5456,0.1042,1.1806,0.0469,0.5587,0.1219,,,,,,,,,,
hillstrom_conversion,drq_direct,0.5799,0.5464,2.2395,1.2784,6.5165,1.8277,0.127,0.3031,,,,,,,,,,
hillstrom_conversion,drq_direct_cal,0.5799,0.5464,2.2395,1.2784,4.6945,1.4169,0.0665,0.1559,,,,,,,,,,
hillstrom_conversion,drq_log,0.5144,0.5366,2.0557,1.1656,3.2491,0.8541,0.0442,0.199,,,,,,,,,,
hillstrom_conversion,drq_log_cal,0.5144,0.5366,2.0557,1.1656,3.9007,1.1089,0.0323,0.1462,,,,,,,,,,
hillstrom_conversion,drq_simple_direct,0.6154,0.614,2.5029,1.3913,4.9764,1.7179,0.133,0.2473,,,,,,,,,,
hillstrom_conversion,drq_simple_direct_cal,0.6154,0.614,2.5029,1.3913,4.1602,1.357,0.0931,0.1742,,,,,,,,,,
hillstrom_conversion,drq_simple_log,0.5999,0.4915,2.3728,1.2873,4.9454,1.2005,0.0672,0.1112,,,,,,,,,,
hillstrom_conversion,drq_simple_log_cal,0.5999,0.4915,2.3728,1.2873,5.0417,1.2545,0.0664,0.1107,,,,,,,,,,
hillstrom_conversion,drs_direct,0.3213,0.5303,1.4143,0.9157,4.288,1.0565,0.2141,0.3729,,,,,,,,,,
hillstrom_conversion,drs_direct_cal,0.3213,0.5303,1.4143,0.9157,3.58,0.8136,0.1139,0.2067,,,,,,,,,,
hillstrom_conversion,drs_log,0.3611,0.6043,1.4744,0.9507,2.1358,0.4093,0.1937,0.3784,,,,,,,,,,
hillstrom_conversion,drs_log_cal,0.3611,0.6043,1.4744,0.9507,2.7168,0.5622,0.1024,0.2067,,,,,,,,,,
hillstrom_conversion,drt_direct,0.0104,0.346,1.1253,0.5058,8.1208,1.9267,0.0393,0.4144,,,,,,,,,,
hillstrom_conversion,drt_direct_cal,0.0104,0.346,1.1253,0.5058,7.5405,2.2661,0.0455,0.4256,,,,,,,,,,
hillstrom_conversion,drt_log,0.1087,0.3958,1.0863,0.5465,2.7919,0.6111,0.0478,0.2531,,,,,,,,,,
hillstrom_conversion,drt_log_cal,0.1087,0.3958,1.0863,0.5465,3.8802,0.9407,0.021,0.1147,,,,,,,,,,
hillstrom_conversion,q,0.5074,0.5255,2.1266,1.2463,3.9584,1.0436,0.0476,0.1537,,,,,,,,,,
hillstrom_conversion,q_cal,0.5074,0.5255,2.1266,1.2463,5.3254,1.4955,0.035,0.1138,,,,,,,,,,
hillstrom_conversion,q_simple,0.5158,0.5083,2.1324,1.1855,3.9793,0.9987,0.0523,0.1415,,,,,,,,,,
hillstrom_conversion,q_simple_cal,0.5158,0.5083,2.1324,1.1855,5.5031,1.6003,0.0384,0.1039,,,,,,,,,,
hillstrom_conversion,s,0.3713,0.6462,1.5029,1.0497,2.3155,0.4301,0.1302,0.2437,,,,,,,,,,
hillstrom_conversion,s_cal,0.3713,0.6462,1.5029,1.0497,2.8589,0.552,0.0852,0.1607,,,,,,,,,,
hillstrom_conversion,t,0.1814,0.4932,1.1879,0.5949,3.2953,0.6901,0.0602,0.1837,,,,,,,,,,
hillstrom_conversion,t_cal,0.1814,0.4932,1.1879,0.5949,4.4579,1.02,0.0393,0.1206,,,,,,,,,,
hillstrom_conversion,x,0.1501,0.4475,1.1497,0.5426,2.6771,0.5685,0.0723,0.2468,,,,,,,,,,
hillstrom_conversion,x_cal,0.1501,0.4475,1.1497,0.5426,3.4884,0.7671,0.0387,0.134,,,,,,,,,,
hillstrom_visit,drq_direct,0.3561,0.1558,1.3453,0.1933,2.7239,0.1708,0.3681,0.1523,,,,,,,,,,
hillstrom_visit,drq_direct_cal,0.3561,0.1558,1.3453,0.1933,1.5248,0.097,0.2208,0.0902,,,,,,,,,,
hillstrom_visit,drq_log,0.2679,0.1476,1.2416,0.1531,1.9087,0.1186,0.213,0.1008,,,,,,,,,,
hillstrom_visit,drq_log_cal,0.2679,0.1476,1.2416,0.1531,1.9671,0.1117,0.1274,0.0592,,,,,,,,,,
hillstrom_visit,drq_simple_direct,0.3362,0.1461,1.2539,0.1668,2.1979,0.1367,0.304,0.1453,,,,,,,,,,
hillstrom_visit,drq_simple_direct_cal,0.3362,0.1461,1.2539,0.1668,1.6131,0.0853,0.1861,0.0872,,,,,,,,,,
hillstrom_visit,drq_simple_log,0.2433,0.1352,1.1905,0.1379,1.6209,0.0899,0.1266,0.0848,,,,,,,,,,
hillstrom_visit,drq_simple_log_cal,0.2433,0.1352,1.1905,0.1379,1.8644,0.1126,0.1036,0.0689,,,,,,,,,,
hillstrom_visit,drs_direct,0.4734,0.1676,1.4675,0.2248,2.2777,0.1426,0.5825,0.2251,,,,,,,,,,
hillstrom_visit,drs_direct_cal,0.4734,0.1676,1.4675,0.2248,1.3728,0.081,0.3358,0.1304,,,,,,,,,,
hillstrom_visit,drs_log,0.3301,0.1455,1.3277,0.1721,1.7271,0.1048,0.3043,0.122,,,,,,,,,,
hillstrom_visit,drs_log_cal,0.3301,0.1455,1.3277,0.1721,1.906,0.174,0.16,0.0666,,,,,,,,,,
hillstrom_visit,drt_direct,0.4383,0.168,1.3927,0.1883,2.7033,0.1718,0.4097,0.1701,,,,,,,,,,
hillstrom_visit,drt_direct_cal,0.4383,0.168,1.3927,0.1883,1.5125,0.1059,0.2573,0.1095,,,,,,,,,,
hillstrom_visit,drt_log,0.3185,0.1448,1.2844,0.1674,1.9067,0.1171,0.2423,0.097,,,,,,,,,,
hillstrom_visit,drt_log_cal,0.3185,0.1448,1.2844,0.1674,1.9606,0.1033,0.1473,0.0579,,,,,,,,,,
hillstrom_visit,q,0.2192,0.12,1.1673,0.1399,1.5067,0.0762,0.1631,0.1008,,,,,,,,,,
hillstrom_visit,q_cal,0.2192,0.12,1.1673,0.1399,2.0532,0.1427,0.0987,0.0609,,,,,,,,,,
hillstrom_visit,q_simple,0.2145,0.118,1.1651,0.1297,1.5137,0.0796,0.1582,0.0997,,,,,,,,,,
hillstrom_visit,q_simple_cal,0.2145,0.118,1.1651,0.1297,2.018,0.1865,0.1008,0.0642,,,,,,,,,,
hillstrom_visit,s,0.4349,0.1598,1.3935,0.1666,1.2238,0.0552,0.4788,0.1777,,,,,,,,,,
hillstrom_visit,s_cal,0.4349,0.1598,1.3935,0.1666,1.4986,0.1394,0.2682,0.1032,,,,,,,,,,
hillstrom_visit,t,0.3213,0.1511,1.2503,0.1555,1.4901,0.0715,0.2098,0.0933,,,,,,,,,,
hillstrom_visit,t_cal,0.3213,0.1511,1.2503,0.1555,1.9539,0.1818,0.1331,0.058,,,,,,,,,,
hillstrom_visit,x,0.4081,0.178,1.3212,0.18,1.304,0.0686,0.3764,0.163,,,,,,,,,,
hillstrom_visit,x_cal,0.4081,0.178,1.3212,0.18,1.4445,0.0886,0.2769,0.1166,,,,,,,,,,
jtpa,drq_direct,0.0714,0.0773,1.1063,0.1342,1.7127,0.0996,0.1431,0.1306,,,,,,,,,,
jtpa,drq_direct_cal,0.0714,0.0773,1.1063,0.1342,1.3915,0.0677,0.1243,0.1148,,,,,,,,,,
jtpa,drq_log,0.0121,0.0592,1.0339,0.1,1.4805,0.0633,-0.0166,0.0998,,,,,,,,,,
jtpa,drq_log_cal,0.0121,0.0592,1.0339,0.1,1.8473,0.1039,-0.009,0.0613,,,,,,,,,,
jtpa,drs_direct,0.0673,0.0826,1.1193,0.1368,1.6485,0.0973,0.1475,0.1532,,,,,,,,,,
jtpa,drs_direct_cal,0.0673,0.0826,1.1193,0.1368,1.3888,0.068,0.1166,0.122,,,,,,,,,,
jtpa,drs_log,0.0101,0.0632,1.0361,0.1162,1.475,0.0701,-0.0294,0.1038,,,,,,,,,,
jtpa,drs_log_cal,0.0101,0.0632,1.0361,0.1162,1.8954,0.1098,-0.0152,0.0604,,,,,,,,,,
jtpa,drt_direct,0.0628,0.076,1.0943,0.1266,1.7099,0.1019,0.1291,0.1294,,,,,,,,,,
jtpa,drt_direct_cal,0.0628,0.076,1.0943,0.1266,1.4101,0.0733,0.1101,0.111,,,,,,,,,,
jtpa,drt_log,0.0062,0.0645,1.0325,0.108,1.4919,0.0637,-0.0359,0.0962,,,,,,,,,,
jtpa,drt_log_cal,0.0062,0.0645,1.0325,0.108,1.9062,0.1101,-0.0191,0.0565,,,,,,,,,,
jtpa,q,0.0188,0.0626,1.0302,0.1105,1.4172,0.0683,0.0406,0.1129,,,,,,,,,,
jtpa,q_cal,0.0188,0.0626,1.0302,0.1105,1.5991,0.0851,0.0298,0.0827,,,,,,,,,,
jtpa,s,0.0322,0.0647,1.0672,0.1187,1.1911,0.0512,0.13,0.2813,,,,,,,,,,
jtpa,s_cal,0.0322,0.0647,1.0672,0.1187,1.4744,0.072,0.0477,0.1047,,,,,,,,,,
jtpa,t,0.0125,0.0597,1.0259,0.1005,1.3618,0.0579,0.0091,0.1248,,,,,,,,,,
jtpa,t_cal,0.0125,0.0597,1.0259,0.1005,1.8977,0.0907,0.004,0.0565,,,,,,,,,,
jtpa,x,0.0257,0.066,1.0613,0.1103,1.2779,0.0548,0.0587,0.178,,,,,,,,,,
jtpa,x_cal,0.0257,0.066,1.0613,0.1103,1.47,0.0663,0.0334,0.1026,,,,,,,,,,
lalonde,drq_direct,0.1239,0.1939,1.3303,0.6841,1.8172,0.2334,0.1584,0.2816,,,,,,,,,,
lalonde,drq_direct_cal,0.1239,0.1939,1.3303,0.6841,1.8786,0.2689,0.1357,0.2376,,,,,,,,,,
lalonde,drq_log,0.1012,0.2222,1.2218,0.4677,2.3689,0.4516,0.077,0.1809,,,,,,,,,,
lalonde,drq_log_cal,0.1012,0.2222,1.2218,0.4677,2.0594,0.362,0.0951,0.2265,,,,,,,,,,
lalonde,drs_direct,0.1331,0.2084,1.2752,0.604,1.8188,0.2616,0.2066,0.3494,,,,,,,,,,
lalonde,drs_direct_cal,0.1331,0.2084,1.2752,0.604,1.8893,0.2925,0.1491,0.2624,,,,,,,,,,
lalonde,drs_log,0.1196,0.2228,1.3043,0.688,2.352,0.4489,0.0874,0.1886,,,,,,,,,,
lalonde,drs_log_cal,0.1196,0.2228,1.3043,0.688,2.2739,0.5016,0.0979,0.2086,,,,,,,,,,
lalonde,drt_direct,0.154,0.2268,1.3463,0.6554,1.7609,0.2417,0.2501,0.3743,,,,,,,,,,
lalonde,drt_direct_cal,0.154,0.2268,1.3463,0.6554,1.9547,0.3091,0.1609,0.2414,,,,,,,,,,
lalonde,drt_log,0.1329,0.2233,1.3181,0.5524,2.2077,0.4066,0.117,0.2206,,,,,,,,,,
lalonde,drt_log_cal,0.1329,0.2233,1.3181,0.5524,2.227,0.4805,0.1318,0.258,,,,,,,,,,
lalonde,q,0.0831,0.1886,1.1218,0.3695,1.9687,0.333,0.1168,0.2654,,,,,,,,,,
lalonde,q_cal,0.0831,0.1886,1.1218,0.3695,1.8259,0.3137,0.1526,0.3332,,,,,,,,,,
lalonde,s,0.1533,0.2206,1.2345,0.4927,1.5732,0.1933,0.4347,0.5439,,,,,,,,,,
lalonde,s_cal,0.1533,0.2206,1.2345,0.4927,1.9108,0.3226,0.1955,0.2445,,,,,,,,,,
lalonde,t,0.1461,0.2026,1.2808,0.6625,1.6476,0.1985,0.337,0.442,,,,,,,,,,
lalonde,t_cal,0.1461,0.2026,1.2808,0.6625,2.0649,0.364,0.1754,0.2322,,,,,,,,,,
lalonde,x,0.1147,0.1872,1.1536,0.3665,1.6036,0.1948,0.4013,0.5283,,,,,,,,,,
lalonde,x_cal,0.1147,0.1872,1.1536,0.3665,1.7362,0.2422,0.2665,0.359,,,,,,,,,,
lenta,drq_direct,-0.0174,0.0499,0.9535,0.0947,2.4241,0.1177,-0.0663,0.2654,,,,,,,,,,
lenta,drq_direct_cal,-0.0174,0.0499,0.9535,0.0947,1.4651,0.0487,-0.0271,0.08,,,,,,,,,,
lenta,drq_log,0.0143,0.0304,1.0132,0.0563,1.4219,0.0609,0.0379,0.1026,,,,,,,,,,
lenta,drq_log_cal,0.0143,0.0304,1.0132,0.0563,1.7371,0.2728,0.0124,0.0365,,,,,,,,,,
lenta,drq_simple_direct,-0.0031,0.0305,1.0015,0.0666,2.0783,0.0918,-0.0334,0.1507,,,,,,,,,,
lenta,drq_simple_direct_cal,-0.0031,0.0305,1.0015,0.0666,1.85,0.1331,-0.0086,0.0435,,,,,,,,,,
lenta,drq_simple_log,0.0059,0.0347,1.0027,0.0553,1.3977,0.0416,-0.1108,0.0659,,,,,,,,,,
lenta,drq_simple_log_cal,0.0059,0.0347,1.0027,0.0553,2.2566,0.1839,-0.046,0.0288,,,,,,,,,,
lenta,drs_direct,0.0035,0.0497,0.9807,0.0858,2.0193,0.0975,0.0256,0.2884,,,,,,,,,,
lenta,drs_direct_cal,0.0035,0.0497,0.9807,0.0858,1.5172,0.0617,0.0004,0.0591,,,,,,,,,,
lenta,drs_log,0.0054,0.032,1.0088,0.0533,1.337,0.046,-0.0613,0.1387,,,,,,,,,,
lenta,drs_log_cal,0.0054,0.032,1.0088,0.0533,1.5826,0.1193,-0.0222,0.0544,,,,,,,,,,
lenta,drt_direct,0.0156,0.0489,1.0102,0.0898,2.3794,0.1167,0.0482,0.2245,,,,,,,,,,
lenta,drt_direct_cal,0.0156,0.0489,1.0102,0.0898,1.4873,0.0551,0.0114,0.072,,,,,,,,,,
lenta,drt_log,0.0164,0.0363,1.0134,0.0606,1.457,0.0617,0.0001,0.1103,,,,,,,,,,
lenta,drt_log_cal,0.0164,0.0363,1.0134,0.0606,1.9479,0.4231,0.0012,0.0368,,,,,,,,,,
lenta,q,0.089,0.0397,1.0935,0.0639,1.2897,0.0416,0.136,0.0915,,,,,,,,,,
lenta,q_cal,0.089,0.0397,1.0935,0.0639,4.1345,0.3045,0.0291,0.0158,,,,,,,,,,
lenta,q_simple,0.002,0.0333,0.9991,0.0603,1.3874,0.0457,-0.0775,0.0778,,,,,,,,,,
lenta,q_simple_cal,0.002,0.0333,0.9991,0.0603,2.2042,0.1431,-0.0283,0.0308,,,,,,,,,,
lenta,s,0.0265,0.046,1.0321,0.087,1.1134,0.031,0.4907,1.0385,,,,,,,,,,
lenta,s_cal,0.0265,0.046,1.0321,0.087,1.3634,0.1593,0.053,0.1216,,,,,,,,,,
lenta,t,0.0246,0.0387,1.0371,0.0762,1.3219,0.0444,0.0346,0.1005,,,,,,,,,,
lenta,t_cal,0.0246,0.0387,1.0371,0.0762,2.0861,0.1533,0.0138,0.0377,,,,,,,,,,
lenta,x,0.0435,0.0483,1.0698,0.0882,1.1569,0.0344,0.1774,0.2288,,,,,,,,,,
lenta,x_cal,0.0435,0.0483,1.0698,0.0882,1.6229,0.0653,0.0464,0.0588,,,,,,,,,,
megafon,drq_direct,1.1837,0.037,2.3621,0.0514,2.226,0.0382,1.3502,0.0357,,,,,,,,,,
megafon,drq_direct_cal,1.1837,0.037,2.3621,0.0514,1.077,0.0138,0.9621,0.0245,,,,,,,,,,
megafon,drq_log,1.2633,0.0422,2.4615,0.0465,1.1307,0.0187,0.9676,0.0249,,,,,,,,,,
megafon,drq_log_cal,1.2633,0.0422,2.4615,0.0465,1.0984,0.0158,0.8925,0.0217,,,,,,,,,,
megafon,drq_simple_direct,1.145,0.0379,2.3135,0.0506,1.7708,0.0321,1.3332,0.0366,,,,,,,,,,
megafon,drq_simple_direct_cal,1.145,0.0379,2.3135,0.0506,1.0874,0.0149,0.9566,0.0246,,,,,,,,,,
megafon,drq_simple_log,1.2291,0.0429,2.4189,0.0542,1.1164,0.0144,1.1809,0.0302,,,,,,,,,,
megafon,drq_simple_log_cal,1.2291,0.0429,2.4189,0.0542,1.1609,0.0184,0.8128,0.0213,,,,,,,,,,
megafon,drs_direct,1.1948,0.0394,2.3484,0.0512,2.2503,0.0382,1.3687,0.0397,,,,,,,,,,
megafon,drs_direct_cal,1.1948,0.0394,2.3484,0.0512,1.0644,0.0127,0.9688,0.0265,,,,,,,,,,
megafon,drs_log,1.2595,0.0411,2.4562,0.051,1.1614,0.0188,1.0133,0.0266,,,,,,,,,,
megafon,drs_log_cal,1.2595,0.0411,2.4562,0.051,1.0976,0.016,0.892,0.0225,,,,,,,,,,
megafon,drt_direct,1.2361,0.0383,2.3968,0.0529,2.4357,0.0416,1.35,0.0348,,,,,,,,,,
megafon,drt_direct_cal,1.2361,0.0383,2.3968,0.0529,1.0483,0.0117,0.9653,0.0249,,,,,,,,,,
megafon,drt_log,1.2527,0.04,2.4531,0.0496,1.1811,0.0184,0.9597,0.0246,,,,,,,,,,
megafon,drt_log_cal,1.2527,0.04,2.4531,0.0496,1.0925,0.0145,0.8967,0.0221,,,,,,,,,,
megafon,q,1.2281,0.0381,2.4224,0.0554,1.1285,0.0148,1.2102,0.0296,,,,,,,,,,
megafon,q_cal,1.2281,0.0381,2.4224,0.0554,1.1491,0.0149,0.831,0.0182,,,,,,,,,,
megafon,q_simple,1.2363,0.0403,2.4308,0.053,1.1329,0.0141,1.2187,0.03,,,,,,,,,,
megafon,q_simple_cal,1.2363,0.0403,2.4308,0.053,1.1563,0.0149,0.8259,0.0183,,,,,,,,,,
megafon,s,1.4244,0.0538,2.6,0.064,1.1758,0.0167,1.317,0.0377,,,,,,,,,,
megafon,s_cal,1.4244,0.0538,2.6,0.064,1.0756,0.0158,0.9643,0.0237,,,,,,,,,,
megafon,t,1.5328,0.0537,2.7173,0.0679,1.1032,0.0142,1.1009,0.0277,,,,,,,,,,
megafon,t_cal,1.5328,0.0537,2.7173,0.0679,1.1585,0.0177,0.8582,0.0203,,,,,,,,,,
megafon,x,1.295,0.0386,2.4656,0.0533,1.1132,0.0144,1.1809,0.0311,,,,,,,,,,
megafon,x_cal,1.295,0.0386,2.4656,0.0533,1.0426,0.0101,0.9793,0.0235,,,,,,,,,,
nhefs,drq_direct,-0.0819,0.4331,0.8857,0.8602,3.4398,1.0868,0.1688,0.3233,,,,,,,,,,
nhefs,drq_direct_cal,-0.0819,0.4331,0.8857,0.8602,2.8471,0.603,0.1334,0.2572,,,,,,,,,,
nhefs,drq_log,0.2295,0.446,1.3004,0.8019,7.8032,2.5192,0.0647,0.1205,,,,,,,,,,
nhefs,drq_log_cal,0.2295,0.446,1.3004,0.8019,6.2359,1.9093,0.0654,0.1234,,,,,,,,,,
nhefs,drs_direct,-0.0353,0.3487,0.9945,0.5437,2.4405,0.5013,-0.0811,0.3798,,,,,,,,,,
nhefs,drs_direct_cal,-0.0353,0.3487,0.9945,0.5437,2.8403,0.7757,-0.0746,0.3661,,,,,,,,,,
nhefs,drs_log,0.2534,0.413,1.3729,0.7812,6.1182,1.5416,0.0685,0.1393,,,,,,,,,,
nhefs,drs_log_cal,0.2534,0.413,1.3729,0.7812,6.6407,1.7385,0.0568,0.1136,,,,,,,,,,
nhefs,drt_direct,-0.0504,0.3805,1.0318,0.7027,4.546,1.4409,0.1176,0.2766,,,,,,,,,,
nhefs,drt_direct_cal,-0.0504,0.3805,1.0318,0.7027,3.0177,0.6982,0.0897,0.2234,,,,,,,,,,
nhefs,drt_log,0.2336,0.3635,1.278,0.7247,7.1015,2.2113,0.0745,0.1127,,,,,,,,,,
nhefs,drt_log_cal,0.2336,0.3635,1.278,0.7247,8.5047,2.9285,0.0664,0.1016,,,,,,,,,,
nhefs,q,0.1111,0.4065,1.226,1.0872,4.2316,1.0943,0.0598,0.1659,,,,,,,,,,
nhefs,q_cal,0.1111,0.4065,1.226,1.0872,5.0167,1.5322,0.0522,0.1424,,,,,,,,,,
nhefs,s,0.1315,0.4694,1.2488,1.1723,1.8588,0.3434,1.2349,2.3461,,,,,,,,,,
nhefs,s_cal,0.1315,0.4694,1.2488,1.1723,3.5839,1.9472,0.5187,1.1967,,,,,,,,,,
nhefs,t,0.1291,0.4765,1.3088,1.2831,3.9308,1.0398,0.1163,0.1634,,,,,,,,,,
nhefs,t_cal,0.1291,0.4765,1.3088,1.2831,7.4683,2.5574,0.0848,0.1195,,,,,,,,,,
nhefs,x,0.0047,0.3793,1.0613,0.7317,3.1764,0.8127,0.0564,0.1883,,,,,,,,,,
nhefs,x_cal,0.0047,0.3793,1.0613,0.7317,4.4063,1.248,0.0416,0.1423,,,,,,,,,,
rhc,drq_direct,-0.106,0.1082,0.4212,0.9951,1.2728,0.1233,-0.6644,0.9647,,,,,,,,,,
rhc,drq_direct_cal,-0.106,0.1082,0.4212,0.9951,1.365,0.1315,-0.5945,0.8421,,,,,,,,,,
rhc,drq_log,0.0865,0.1435,1.1628,0.2764,1.5284,0.13,0.0907,0.2295,,,,,,,,,,
rhc,drq_log_cal,0.0865,0.1435,1.1628,0.2764,1.8976,0.1974,0.0621,0.1562,,,,,,,,,,
rhc,drs_direct,0.0981,0.1102,2.7473,1.8365,1.1263,0.0647,0.6946,1.4962,,,,,,,,,,
rhc,drs_direct_cal,0.0981,0.1102,2.7473,1.8365,1.4107,0.0866,0.3992,0.9097,,,,,,,,,,
rhc,drs_log,0.1931,0.1549,1.4871,0.4901,1.2395,0.0835,0.5128,0.4747,,,,,,,,,,
rhc,drs_log_cal,0.1931,0.1549,1.4871,0.4901,1.671,0.1885,0.2511,0.2372,,,,,,,,,,
rhc,drt_direct,0.0981,0.1102,2.7473,1.8365,1.1263,0.0647,0.6946,1.4962,,,,,,,,,,
rhc,drt_direct_cal,0.0981,0.1102,2.7473,1.8365,1.4107,0.0866,0.3992,0.9097,,,,,,,,,,
rhc,drt_log,0.1931,0.1549,1.4871,0.4901,1.2395,0.0835,0.5128,0.4747,,,,,,,,,,
rhc,drt_log_cal,0.1931,0.1549,1.4871,0.4901,1.671,0.1885,0.2511,0.2372,,,,,,,,,,
rhc,q,0.0607,0.0808,1.1018,0.1538,1.7759,0.0957,0.0585,0.0801,,,,,,,,,,
rhc,q_cal,0.0607,0.0808,1.1018,0.1538,3.3424,0.4435,0.0295,0.0407,,,,,,,,,,
rhc,s,0.0143,0.0486,1.0252,0.0948,,,,,,,,,,,,,,
rhc,s_cal,0.0143,0.0486,1.0252,0.0948,,,,,,,,,,,,,,
rhc,t,0.0143,0.0486,1.0252,0.0948,,,,,,,,,,,,,,
rhc,t_cal,0.0143,0.0486,1.0252,0.0948,,,,,,,,,,,,,,
rhc,x,0.0143,0.0486,1.0252,0.0948,,,,,,,,,,,,,,
rhc,x_cal,0.0143,0.0486,1.0252,0.0948,,,,,,,,,,,,,,
twins,drq_direct,0.013,0.0881,1.021,0.244,2.2363,0.3329,0.036,0.1956,2.9936,0.4603,0.9648,0.0987,1.329,0.2502,0.0379,0.0345,0.0018,0.0178
twins,drq_direct_cal,0.013,0.0881,1.021,0.244,1.7955,0.2973,0.0331,0.189,2.0835,2.1461,0.6702,0.1527,0.5592,0.1945,0.0379,0.0345,0.0012,0.0179
twins,drq_log,0.0849,0.0574,1.112,0.1337,1.8268,0.2003,0.2883,0.1519,0.631,0.1019,0.8718,0.0931,0.4557,0.0449,0.0283,0.0315,0.0168,0.0262
twins,drq_log_cal,0.0849,0.0574,1.112,0.1337,5.1103,0.9784,0.1131,0.0591,7.8493,6.7259,2.158,0.2263,1.5041,0.4228,0.0283,0.0315,0.0042,0.0165
twins,drq_simple_direct,0.0801,0.0561,1.1477,0.1178,1.5358,0.1266,0.3405,0.2105,0.7789,0.2078,0.5798,0.0594,0.4601,0.091,0.0367,0.0374,0.0256,0.0319
twins,drq_simple_direct_cal,0.0801,0.0561,1.1477,0.1178,3.7445,0.8006,0.1212,0.0728,10.4614,17.1484,1.6649,0.2149,1.4059,0.5431,0.0367,0.0374,0.0099,0.0192
twins,drq_simple_log,0.0731,0.1077,1.1149,0.2479,2.3282,0.2712,0.1131,0.1104,2.5459,0.626,1.1482,0.083,1.1244,0.1906,0.0112,0.0248,-0.0047,0.0175
twins,drq_simple_log_cal,0.0731,0.1077,1.1149,0.2479,10.1027,1.411,0.0528,0.0536,21.0936,12.946,2.8629,0.12,2.4079,0.8089,0.0112,0.0248,-0.0035,0.0116
twins,drs_direct,-0.0015,0.0993,1.0147,0.2348,2.1622,0.3183,-0.016,0.2898,2.097,0.2547,0.8555,0.0721,1.0724,0.1465,0.0349,0.0271,-0.0065,0.0112
twins,drs_direct_cal,-0.0015,0.0993,1.0147,0.2348,1.5745,0.1407,-0.011,0.2333,1.4173,0.7092,0.4617,0.0515,0.3428,0.0635,0.0349,0.0271,-0.0067,0.0103
twins,drs_log,0.0914,0.0565,1.1381,0.1022,1.3626,0.1143,0.5022,0.2963,0.2575,0.0173,0.3453,0.0304,0.181,0.0133,-0.0265,0.0284,-0.0169,0.021
twins,drs_log_cal,0.0914,0.0565,1.1381,0.1022,3.1377,0.5424,0.0703,0.0471,1486.1878,7238.5231,1.5734,0.0989,15.4377,61.6267,-0.0265,0.0284,0.0024,0.0089
twins,drt_direct,0.003,0.0986,0.9856,0.2153,2.4642,0.4171,-0.0322,0.1998,3.3188,0.4221,1.0381,0.0977,1.5366,0.2558,0.0222,0.0278,-0.007,0.0131
twins,drt_direct_cal,0.003,0.0986,0.9856,0.2153,1.5941,0.1448,-0.0404,0.2295,1.036,0.5372,0.4867,0.0663,0.3678,0.089,0.0222,0.0278,-0.0058,0.0147
twins,drt_log,0.0925,0.0567,1.1395,0.1265,1.5834,0.1481,0.3492,0.1594,0.4509,0.0511,0.6617,0.0482,0.3245,0.0235,-0.0144,0.0283,-0.009,0.0229
twins,drt_log_cal,0.0925,0.0567,1.1395,0.1265,3.192,0.4225,0.1224,0.0556,14.9854,35.6579,1.6646,0.1131,1.2461,0.4209,-0.0144,0.0283,-0.0024,0.0118
twins,q,0.0857,0.0795,1.1301,0.1715,2.1373,0.2265,0.1747,0.1126,1.145,0.1992,1.0541,0.0784,0.655,0.0739,0.0258,0.0248,0.0086,0.0193
twins,q_cal,0.0857,0.0795,1.1301,0.1715,12.7446,2.2921,0.0801,0.053,4.7886,3.2366,3.0951,0.1413,1.0746,0.2454,0.0258,0.0248,-0.0004,0.012
twins,q_simple,0.0833,0.0755,1.1281,0.174,2.1484,0.2399,0.1605,0.1082,1.1331,0.1985,1.0509,0.0782,0.6525,0.0738,0.0253,0.0251,0.0098,0.0197
twins,q_simple_cal,0.0833,0.0755,1.1281,0.174,13.3069,2.7578,0.0739,0.0503,4.3811,3.1616,3.1238,0.1609,1.046,0.2486,0.0253,0.0251,0.0008,0.0123
twins,s,0.0867,0.0572,1.1397,0.0933,1.3974,0.1207,0.6332,0.3585,0.4278,0.1543,0.3924,0.0464,0.2138,0.0233,-0.0142,0.0275,-0.0137,0.016
twins,s_cal,0.0867,0.0572,1.1397,0.0933,2.9508,0.9378,0.1175,0.0751,516.5314,2781.2085,1.3768,0.2308,8.4228,32.406,-0.0142,0.0275,-0.0036,0.0083
twins,t,0.0761,0.0759,1.0648,0.189,1.9608,0.1771,0.1764,0.1096,2.0827,0.3103,1.0007,0.0329,0.6802,0.0702,-0.0048,0.0214,-0.0106,0.0129
twins,t_cal,0.0761,0.0759,1.0648,0.189,9.7625,2.2453,0.0708,0.0491,50.6855,24.5511,2.7138,0.1885,2.6132,0.839,-0.0048,0.0214,-0.0056,0.0092
twins,x,0.093,0.0734,1.1417,0.1577,1.5265,0.1428,0.4315,0.2044,0.4471,0.0618,0.6413,0.049,0.3372,0.0279,-0.0038,0.0313,-0.0075,0.0268
twins,x_cal,0.093,0.0734,1.1417,0.1577,2.254,0.3419,0.2157,0.1024,1.5097,0.6421,1.2032,0.1523,0.688,0.1131,-0.0038,0.0313,-0.0092,0.0215
x5_retail,drq_direct,0.0702,0.0141,1.0924,0.026,1.3403,0.0131,0.1817,0.0355,,,,,,,,,,
x5_retail,drq_direct_cal,0.0702,0.0141,1.0924,0.026,1.0456,0.0086,0.5109,0.1049,,,,,,,,,,
x5_retail,drq_log,0.0579,0.0131,1.0827,0.0222,1.0538,0.0067,0.3341,0.0848,,,,,,,,,,
x5_retail,drq_log_cal,0.0579,0.0131,1.0827,0.0222,1.1826,0.0177,0.1136,0.029,,,,,,,,,,
x5_retail,drq_simple_direct,0.0434,0.0108,1.0647,0.0214,1.5367,0.0139,0.4026,0.109,,,,,,,,,,
x5_retail,drq_simple_direct_cal,0.0434,0.0108,1.0647,0.0214,1.0906,0.0102,0.23,0.0607,,,,,,,,,,
x5_retail,drq_simple_log,0.0256,0.0101,1.0386,0.0176,1.0739,0.0081,0.1688,0.0719,,,,,,,,,,
x5_retail,drq_simple_log_cal,0.0256,0.0101,1.0386,0.0176,1.1952,0.0127,0.0739,0.0315,,,,,,,,,,
x5_retail,drs_direct,0.0765,0.0152,1.093,0.027,1.3351,0.0133,0.1948,0.0378,,,,,,,,,,
x5_retail,drs_direct_cal,0.0765,0.0152,1.093,0.027,1.0452,0.0086,0.5334,0.1082,,,,,,,,,,
x5_retail,drs_log,0.058,0.0123,1.0827,0.0231,1.053,0.0067,0.3387,0.0875,,,,,,,,,,
x5_retail,drs_log_cal,0.058,0.0123,1.0827,0.0231,1.1857,0.0197,0.1116,0.031,,,,,,,,,,
x5_retail,drt_direct,0.0748,0.0145,1.0926,0.0256,1.3434,0.0132,0.186,0.0369,,,,,,,,,,
x5_retail,drt_direct_cal,0.0748,0.0145,1.0926,0.0256,1.0473,0.009,0.5113,0.1071,,,,,,,,,,
x5_retail,drt_log,0.0588,0.0125,1.0816,0.0213,1.0547,0.0072,0.338,0.081,,,,,,,,,,
x5_retail,drt_log_cal,0.0588,0.0125,1.0816,0.0213,1.1784,0.0184,0.1182,0.0297,,,,,,,,,,
x5_retail,q,0.0305,0.0099,1.0452,0.0181,1.0776,0.0078,0.1862,0.0636,,,,,,,,,,
x5_retail,q_cal,0.0305,0.0099,1.0452,0.0181,1.1297,0.0105,0.1205,0.0418,,,,,,,,,,
x5_retail,q_simple,0.0251,0.0098,1.0401,0.0185,1.0752,0.0086,0.1702,0.069,,,,,,,,,,
x5_retail,q_simple_cal,0.0251,0.0098,1.0401,0.0185,1.1936,0.0125,0.0756,0.0304,,,,,,,,,,
x5_retail,s,0.0732,0.0129,1.0953,0.0216,1.0244,0.0064,0.7578,0.1469,,,,,,,,,,
x5_retail,s_cal,0.0732,0.0129,1.0953,0.0216,1.0445,0.0088,0.4917,0.0928,,,,,,,,,,
x5_retail,t,0.0549,0.0121,1.071,0.0216,1.0572,0.008,0.3508,0.0907,,,,,,,,,,
x5_retail,t_cal,0.0549,0.0121,1.071,0.0216,1.1894,0.0102,0.1358,0.0343,,,,,,,,,,
x5_retail,x,0.069,0.013,1.0893,0.0239,1.0312,0.0072,0.6134,0.1333,,,,,,,,,,
x5_retail,x_cal,0.069,0.013,1.0893,0.0239,1.051,0.0089,0.4337,0.093,,,,,,,,,,
